chain,pdb_idx,chain_idx,global_idx,nll
H,30,30,29,1.596410
H,31,31,30,2.484275
H,32,32,31,1.510964
H,33,33,32,1.105665
H,34,34,33,1.078420
H,50,50,49,2.135421
H,51,51,50,0.539683
H,52,52,51,1.457291
H,53,53,52,2.303571
H,54,54,53,1.053469
H,55,55,54,1.997389
H,56,56,55,1.319554
H,57,57,56,1.459247
H,58,58,57,1.731391
H,97,100,99,1.881127
H,98,101,100,1.048509
H,99,102,101,1.905333
H,100,103,102,3.747334
H,100,104,103,3.881430
H,100,105,104,3.984618
H,100,106,105,1.168153
H,100,107,106,3.233401
H,100,108,107,0.745374
H,100,109,108,0.082107
H,100,110,109,0.540100
H,100,111,110,0.075661
H,100,112,111,0.254587
H,100,113,112,2.023824
H,100,114,113,1.348290
L,1,1,230,2.068556
L,2,2,231,2.399909
L,3,3,232,3.683334
L,4,4,233,1.041101
L,5,5,234,2.296619
L,6,6,235,0.175421
L,7,7,236,0.771220
L,8,8,237,1.940142
L,9,9,238,1.786585
L,12,11,240,3.397516
L,13,12,241,4.007185
L,14,13,242,3.074913
L,15,14,243,4.360947
L,16,15,244,4.462136
L,17,16,245,4.196765
L,18,17,246,2.370393
L,19,18,247,3.798452
L,20,19,248,2.648719
L,21,20,249,3.112321
L,22,21,250,4.508812
L,23,22,251,5.556337
L,24,23,252,5.524118
L,25,24,253,4.220324
L,26,25,254,5.148993
L,27,26,255,1.853508
L,27,27,256,1.551202
L,27,28,257,2.480504
L,27,29,258,5.088268
L,28,30,259,3.773752
L,29,31,260,4.910724
L,30,32,261,4.540023
L,31,33,262,3.828734
L,32,34,263,4.108707
L,33,35,264,4.994915
L,34,36,265,3.479892
L,35,37,266,3.200568
L,36,38,267,5.161728
L,37,39,268,3.987277
L,38,40,269,3.285270
L,39,41,270,5.552704
L,40,42,271,4.780757
L,41,43,272,4.644572
L,42,44,273,4.866624
L,43,45,274,3.497070
L,44,46,275,0.350656
L,45,47,276,5.183069
L,46,48,277,3.668157
L,47,49,278,4.096948
L,48,50,279,1.223270
L,49,51,280,5.320178
L,50,52,281,4.860377
L,51,53,282,5.575523
L,52,54,283,3.576735
L,53,55,284,4.322639
L,54,56,285,2.161320
L,55,57,286,5.751216
L,56,58,287,5.307881
L,57,59,288,3.834782
L,58,60,289,4.976687
L,59,61,290,4.591063
L,60,62,291,3.566612
L,61,63,292,3.321862
L,62,64,293,4.733083
L,63,65,294,4.620036
L,64,66,295,4.087512
L,65,67,296,5.284354
L,66,68,297,4.192468
L,67,69,298,2.964004
L,68,70,299,3.922861
L,69,71,300,3.303376
L,70,72,301,1.115742
L,71,73,302,4.537767
L,72,74,303,1.890251
L,73,75,304,3.290239
L,74,76,305,5.455705
L,75,77,306,2.676014
L,76,78,307,4.582434
L,77,79,308,3.065290
L,78,80,309,3.338614
L,79,81,310,3.528311
L,80,82,311,3.155904
L,81,83,312,2.811498
L,82,84,313,2.400574
L,83,85,314,4.687388
L,84,86,315,5.726031
L,85,87,316,4.618467
L,86,88,317,2.324519
L,87,89,318,0.621112
L,88,90,319,5.211535
L,89,91,320,0.142821
L,90,92,321,2.047125
L,91,93,322,4.205239
L,92,94,323,4.043959
L,93,95,324,2.967582
L,94,96,325,3.774792
L,95,97,326,2.198814
L,95,98,327,5.196316
L,96,99,328,5.185069
L,97,100,329,3.327728
L,98,101,330,4.605317
L,99,102,331,5.363905
L,100,103,332,0.081034
L,101,104,333,2.914901
L,102,105,334,5.138833
L,103,106,335,5.449744
L,104,107,336,2.090645
L,105,108,337,4.301597
L,106,109,338,2.381646
L,106,110,339,4.486925
L,107,111,340,2.847392
L,108,112,341,4.141241
L,109,113,342,5.484381
L,110,114,343,2.904176
L,111,115,344,2.087736
L,112,116,345,3.360344
L,113,117,346,1.774507
L,114,118,347,4.128670
L,115,119,348,2.824405
L,116,120,349,3.139080
L,117,121,350,3.543571
L,118,122,351,3.590426
L,119,123,352,4.999751
L,120,124,353,1.680511
L,121,125,354,2.608179
L,122,126,355,1.211327
L,123,127,356,2.247443
L,124,128,357,1.997877
L,125,129,358,1.362307
L,126,130,359,3.787181
L,127,131,360,2.266571
L,128,132,361,2.333065
L,129,133,362,3.092685
L,130,134,363,2.927214
L,131,135,364,4.406089
L,132,136,365,2.791769
L,133,137,366,4.157836
L,134,138,367,4.126212
L,135,139,368,4.953295
L,136,140,369,2.634752
L,137,141,370,3.147453
L,138,142,371,3.226770
L,139,143,372,4.324365
L,140,144,373,1.426101
L,141,145,374,5.356357
L,142,146,375,5.448410
L,143,147,376,3.327862
L,144,148,377,3.325586
L,145,149,378,3.034738
L,146,150,379,3.286654
L,147,151,380,3.604292
L,148,152,381,4.995611
L,149,153,382,5.020308
L,150,154,383,3.987357
L,151,155,384,3.368021
L,152,156,385,3.684502
L,153,157,386,3.407747
L,154,158,387,4.681306
L,155,159,388,3.359710
L,156,160,389,3.686664
L,157,161,390,3.556870
L,158,162,391,3.533533
L,159,163,392,5.354867
L,160,164,393,4.079216
L,161,165,394,2.238050
L,162,166,395,2.018194
L,163,167,396,2.834562
L,164,168,397,3.084835
L,165,169,398,3.052495
L,166,170,399,3.809788
L,167,171,400,3.352412
L,168,172,401,3.750774
L,169,173,402,3.531046
L,170,174,403,1.214966
L,171,175,404,3.873344
L,172,176,405,4.880812
L,173,177,406,3.686823
L,174,178,407,2.325098
L,175,179,408,2.032233
L,176,180,409,2.543113
L,177,181,410,5.169684
L,178,182,411,2.218793
L,179,183,412,4.373724
L,180,184,413,3.376431
L,181,185,414,4.068261
L,182,186,415,3.739071
L,183,187,416,4.583130
L,184,188,417,2.887461
L,185,189,418,4.436957
L,186,190,419,4.933979
L,187,191,420,2.806542
L,188,192,421,3.970871
L,189,193,422,3.310684
L,190,194,423,2.202324
L,191,195,424,2.145005
L,192,196,425,3.820138
L,193,197,426,3.893864
L,194,198,427,4.762688
L,195,199,428,3.155143
L,196,200,429,3.497717
L,197,201,430,3.508592
L,198,202,431,4.529168
L,199,203,432,2.567165
L,200,204,433,3.507127
L,201,205,434,2.966750
L,202,206,435,2.207098
L,203,207,436,3.807418
L,204,208,437,2.929015
L,205,209,438,3.551084
L,206,210,439,3.668390
L,207,211,440,4.001371
L,208,212,441,4.369526
L,209,213,442,3.327649
L,210,214,443,2.781203
L,211,215,444,4.257231
L,216,216,445,5.189771
R,333,1,446,2.599936
R,334,2,447,3.086273
R,335,3,448,2.043173
R,336,4,449,0.080257
R,337,5,450,0.238306
R,338,6,451,1.996971
R,339,7,452,3.314188
R,340,8,453,2.048329
R,341,9,454,0.602203
R,342,10,455,1.096247
R,343,11,456,1.177821
R,344,12,457,0.292315
R,345,13,458,2.442409
R,346,14,459,3.661199
R,347,15,460,1.073039
R,348,16,461,0.592012
R,349,17,462,0.310397
R,350,18,463,0.666591
R,351,19,464,0.494031
R,352,20,465,1.752476
R,353,21,466,1.253721
R,354,22,467,3.173842
R,355,23,468,1.477926
R,356,24,469,2.458999
R,357,25,470,2.458963
R,358,26,471,2.259869
R,359,27,472,1.399258
R,360,28,473,0.915238
R,361,29,474,0.076486
R,362,30,475,0.612947
R,363,31,476,3.757370
R,364,32,477,0.611555
R,365,33,478,2.237393
R,366,34,479,1.281609
R,367,35,480,3.685562
R,368,36,481,1.973871
R,369,37,482,2.954592
R,370,38,483,1.238433
R,371,39,484,0.711755
R,372,40,485,2.924389
R,373,41,486,2.237404
R,374,42,487,1.529065
R,375,43,488,1.521551
R,376,44,489,2.311141
R,377,45,490,1.583229
R,378,46,491,1.858564
R,379,47,492,0.139451
R,380,48,493,0.702820
R,381,49,494,0.321445
R,382,50,495,1.566530
R,383,51,496,2.281471
R,384,52,497,1.719602
R,385,53,498,2.831005
R,386,54,499,2.026784
R,387,55,500,0.537163
R,388,56,501,0.546732
R,389,57,502,2.434068
R,390,58,503,1.296398
R,391,59,504,0.240232
R,392,60,505,0.719393
R,393,61,506,0.372851
R,394,62,507,3.066816
R,395,63,508,1.941299
R,396,64,509,1.993519
R,397,65,510,0.358201
R,398,66,511,1.026852
R,399,67,512,0.940029
R,400,68,513,0.120091
R,401,69,514,0.925257
R,402,70,515,1.542515
R,403,71,516,0.997786
R,404,72,517,0.082139
R,405,73,518,1.945038
R,406,74,519,0.767282
R,407,75,520,0.590840
R,408,76,521,3.258924
R,409,77,522,1.120872
R,410,78,523,0.376586
R,411,79,524,0.333703
R,412,80,525,0.078790
R,413,81,526,0.264437
R,414,82,527,0.977882
R,415,83,528,0.731153
R,416,84,529,0.075495
R,417,85,530,2.491777
R,418,86,531,0.269188
R,419,87,532,0.211974
R,420,88,533,0.532486
R,421,89,534,0.462247
R,422,90,535,0.103812
R,423,91,536,0.939572
R,424,92,537,1.825528
R,425,93,538,0.106157
R,426,94,539,0.290561
R,427,95,540,2.001517
R,428,96,541,0.893220
R,429,97,542,0.191135
R,430,98,543,2.847764
R,431,99,544,0.075888
R,432,100,545,0.647081
R,433,101,546,0.127928
R,434,102,547,1.205807
R,435,103,548,0.889211
R,436,104,549,1.847116
R,437,105,550,1.042818
R,438,106,551,1.794816
R,439,107,552,2.771822
R,440,108,553,2.572190
R,441,109,554,3.165038
R,442,110,555,2.306454
R,443,111,556,0.816795
R,444,112,557,1.689891
R,445,113,558,1.960571
R,446,114,559,0.096408
R,447,115,560,0.098125
R,448,116,561,0.177001
R,449,117,562,2.074924
R,450,118,563,2.642614
R,451,119,564,0.469479
R,452,120,565,3.135318
R,453,121,566,0.540633
R,454,122,567,0.111573
R,455,123,568,4.182161
R,456,124,569,1.393850
R,457,125,570,2.376934
R,458,126,571,2.452179
R,459,127,572,2.271190
R,460,128,573,2.477502
R,461,129,574,0.092719
R,462,130,575,1.611900
R,463,131,576,0.297951
R,464,132,577,0.625904
R,465,133,578,0.161598
R,466,134,579,1.198490
R,467,135,580,0.237216
R,468,136,581,3.596790
R,469,137,582,0.579053
R,470,138,583,1.516468
R,471,139,584,1.703591
R,472,140,585,0.410323
R,473,141,586,0.405944
R,474,142,587,0.580736
R,475,143,588,1.014784
R,476,144,589,0.109672
R,477,145,590,0.829062
R,478,146,591,2.585629
R,479,147,592,0.862830
R,480,148,593,0.078010
R,481,149,594,0.671238
R,482,150,595,0.224185
R,483,151,596,1.750300
R,484,152,597,2.389121
R,485,153,598,0.080046
R,486,154,599,2.056472
R,487,155,600,0.065960
R,488,156,601,0.077871
R,489,157,602,0.903408
R,490,158,603,3.308134
R,491,159,604,0.161588
R,492,160,605,1.304965
R,493,161,606,2.408162
R,494,162,607,1.806091
R,495,163,608,0.413718
R,496,164,609,4.259073
R,497,165,610,0.265527
R,498,166,611,2.460265
R,499,167,612,0.103141
R,500,168,613,1.737710
R,501,169,614,1.758381
R,502,170,615,3.403416
R,503,171,616,3.164901
R,504,172,617,1.756315
R,505,173,618,2.614340
R,506,174,619,0.140664
R,507,175,620,0.100667
R,508,176,621,0.729379
R,509,177,622,0.832820
R,510,178,623,0.158655
R,511,179,624,0.540188
R,512,180,625,0.282254
R,513,181,626,0.529755
R,514,182,627,2.366802
R,515,183,628,0.205313
R,516,184,629,2.087672
R,517,185,630,4.278645
R,518,186,631,2.575202
R,519,187,632,4.417162
R,520,188,633,1.341795
R,521,189,634,0.964085
R,522,190,635,2.438769
R,523,191,636,0.465602
R,524,192,637,0.081014
R,525,193,638,0.091296
R,526,194,639,0.076190
R,527,195,640,0.366225
