chain,global_idx,chain_idx,pdb_idx,icode,chothia,aa,cdr
H,1,1,1,,1,E,
H,2,2,2,,2,V,
H,3,3,3,,3,Q,
H,4,4,4,,4,L,
H,5,5,5,,5,V,
H,6,6,6,,6,E,
H,7,7,7,,7,S,
H,8,8,8,,8,G,
H,9,9,9,,9,G,
H,10,10,10,,10,G,
H,11,11,11,,11,L,
H,12,12,12,,12,V,
H,13,13,13,,13,Q,
H,14,14,14,,14,P,
H,15,15,15,,15,G,
H,16,16,16,,16,G,
H,17,17,17,,17,S,
H,18,18,18,,18,L,
H,19,19,19,,19,R,
H,20,20,20,,20,L,
H,21,21,21,,21,S,
H,22,22,22,,22,C,
H,23,23,23,,23,A,
H,24,24,24,,24,A,
H,25,25,25,,25,S,
H,26,26,26,,26,G,H1
H,27,27,27,,27,F,H1
H,28,28,28,,28,T,H1
H,29,29,29,,29,V,H1
H,30,30,30,,30,S,H1
H,31,31,31,,31,S,H1
H,32,32,32,,32,N,H1
H,33,33,33,,33,Y,
H,34,34,34,,34,M,
H,35,35,35,,35,S,
H,36,36,36,,36,W,
H,37,37,37,,37,V,
H,38,38,38,,38,R,
H,39,39,39,,39,Q,
H,40,40,40,,40,A,
H,41,41,41,,41,P,
H,42,42,42,,42,G,
H,43,43,43,,43,K,
H,44,44,44,,44,G,
H,45,45,45,,45,L,
H,46,46,46,,46,E,
H,47,47,47,,47,W,
H,48,48,48,,48,V,
H,49,49,49,,49,S,
H,50,50,50,,50,A,
H,51,51,51,,51,I,
H,52,52,52,,52,Y,H2
H,53,53,53,,53,S,H2
H,54,54,54,,54,G,H2
H,55,55,55,,55,D,H2
H,56,56,56,,56,S,H2
H,57,57,57,,57,T,
H,58,58,58,,58,Y,
H,59,59,59,,59,Y,
H,60,60,60,,60,A,
H,61,61,61,,61,D,
H,62,62,62,,62,S,
H,63,63,63,,63,V,
H,64,64,64,,64,K,
H,65,65,65,,65,G,
H,66,66,66,,66,R,
H,67,67,67,,67,F,
H,68,68,68,,68,T,
H,69,69,69,,69,I,
H,70,70,70,,70,S,
H,71,71,71,,71,R,
H,72,72,72,,72,H,
H,73,73,73,,73,N,
H,74,74,74,,74,P,
H,75,75,75,,75,K,
H,76,76,76,,76,N,
H,77,77,77,,77,T,
H,78,78,78,,78,L,
H,79,79,79,,79,Y,
H,80,80,80,,80,L,
H,81,81,81,,81,Q,
H,82,82,82,,82,M,
H,83,83,82,A,82A,N,
H,84,84,82,B,82B,S,
H,85,85,82,C,82C,L,
H,86,86,83,,83,R,
H,87,87,84,,84,A,
H,88,88,85,,85,E,
H,89,89,86,,86,D,
H,90,90,87,,87,T,
H,91,91,88,,88,A,
H,92,92,89,,89,V,
H,93,93,90,,90,Y,
H,94,94,91,,91,Y,
H,95,95,92,,92,C,
H,96,96,93,,93,A,
H,97,97,94,,94,R,
H,98,98,95,,95,L,H3
H,99,99,96,,96,V,H3
H,100,100,97,,97,G,H3
H,101,101,98,,98,A,H3
H,102,102,99,,99,L,H3
H,103,103,100,,100,T,H3
H,104,104,100,A,100A,N,H3
H,105,105,100,B,100B,I,H3
H,106,106,100,C,100C,V,H3
H,107,107,100,D,100D,V,H3
H,108,108,100,E,100E,S,H3
H,109,109,100,F,100F,G,H3
H,110,110,100,G,100G,D,H3
H,111,111,100,H,100H,G,H3
H,112,112,100,I,100I,G,H3
H,113,113,100,J,100J,A,H3
H,114,114,100,K,100K,F,H3
H,115,115,101,,101,D,H3
H,116,116,102,,102,I,H3
H,117,117,103,,103,W,
H,118,118,104,,104,G,
H,119,119,105,,105,Q,
H,120,120,106,,106,G,
H,121,121,107,,107,T,
H,122,122,108,,108,M,
H,123,123,109,,109,V,
H,124,124,110,,110,T,
H,125,125,111,,111,V,
H,126,126,112,,112,S,
H,127,127,113,,113,S,
H,128,128,114,,,A,
H,129,129,115,,,S,
H,130,130,116,,,T,
H,131,131,117,,,K,
H,132,132,118,,,G,
H,133,133,119,,,P,
H,134,134,120,,,S,
H,135,135,121,,,V,
H,136,136,122,,,F,
H,137,137,123,,,P,
H,138,138,124,,,L,
H,139,139,125,,,A,
H,140,140,126,,,P,
H,141,141,127,,,S,
H,142,142,134,,,G,
H,143,143,135,,,T,
H,144,144,136,,,A,
H,145,145,137,,,A,
H,146,146,138,,,L,
H,147,147,139,,,G,
H,148,148,140,,,C,
H,149,149,141,,,L,
H,150,150,142,,,V,
H,151,151,143,,,K,
H,152,152,144,,,D,
H,153,153,145,,,Y,
H,154,154,146,,,F,
H,155,155,147,,,P,
H,156,156,148,,,E,
H,157,157,149,,,P,
H,158,158,150,,,V,
H,159,159,151,,,T,
H,160,160,152,,,V,
H,161,161,153,,,S,
H,162,162,154,,,W,
H,163,163,155,,,N,
H,164,164,156,,,S,
H,165,165,157,,,G,
H,166,166,158,,,A,
H,167,167,159,,,L,
H,168,168,160,,,T,
H,169,169,161,,,S,
H,170,170,162,,,G,
H,171,171,163,,,V,
H,172,172,164,,,H,
H,173,173,165,,,T,
H,174,174,166,,,F,
H,175,175,167,,,P,
H,176,176,168,,,A,
H,177,177,169,,,V,
H,178,178,170,,,L,
H,179,179,171,,,Q,
H,180,180,172,,,S,
H,181,181,173,,,S,
H,182,182,174,,,G,
H,183,183,175,,,L,
H,184,184,176,,,Y,
H,185,185,177,,,S,
H,186,186,178,,,L,
H,187,187,179,,,S,
H,188,188,180,,,S,
H,189,189,181,,,V,
H,190,190,182,,,V,
H,191,191,183,,,T,
H,192,192,184,,,V,
H,193,193,185,,,P,
H,194,194,186,,,S,
H,195,195,187,,,S,
H,196,196,188,,,S,
H,197,197,189,,,L,
H,198,198,190,,,G,
H,199,199,191,,,T,
H,200,200,192,,,Q,
H,201,201,193,,,T,
H,202,202,194,,,Y,
H,203,203,195,,,I,
H,204,204,196,,,C,
H,205,205,197,,,N,
H,206,206,198,,,V,
H,207,207,199,,,N,
H,208,208,200,,,H,
H,209,209,201,,,K,
H,210,210,202,,,P,
H,211,211,203,,,S,
H,212,212,204,,,N,
H,213,213,205,,,T,
H,214,214,206,,,K,
H,215,215,207,,,V,
H,216,216,208,,,D,
H,217,217,209,,,K,
H,218,218,210,,,K,
H,219,219,211,,,V,
H,220,220,212,,,E,
H,221,221,213,,,P,
H,222,222,214,,,K,
H,223,223,215,,,S,
H,224,224,216,,,C,
L,225,1,1,,1,S,
L,226,2,2,,2,Y,
L,227,3,3,,3,E,
L,228,4,4,,4,L,
L,229,5,5,,5,T,
L,230,6,6,,6,Q,
L,231,7,7,,7,P,
L,232,8,8,,8,A,
L,233,9,9,,9,S,
L,234,10,11,,10,V,
L,235,11,12,,11,S,
L,236,12,13,,12,G,
L,237,13,14,,13,S,
L,238,14,15,,14,P,
L,239,15,16,,15,G,
L,240,16,17,,16,Q,
L,241,17,18,,17,S,
L,242,18,19,,18,I,
L,243,19,20,,19,T,
L,244,20,21,,20,I,
L,245,21,22,,21,S,
L,246,22,23,,22,C,
L,247,23,24,,23,T,
L,248,24,25,,24,G,L1
L,249,25,26,,25,T,L1
L,250,26,27,,26,S,L1
L,251,27,27,A,27,S,L1
L,252,28,27,B,28,D,L1
L,253,29,27,C,29,V,L1
L,254,30,28,,30,G,L1
L,255,31,29,,30A,S,L1
L,256,32,30,,30B,Y,L1
L,257,33,31,,30C,N,L1
L,258,34,32,,31,L,L1
L,259,35,33,,32,V,L1
L,260,36,34,,33,S,L1
L,261,37,35,,34,W,L1
L,262,38,36,,35,Y,
L,263,39,37,,36,Q,
L,264,40,38,,37,Q,
L,265,41,39,,38,H,
L,266,42,40,,39,P,
L,267,43,41,,40,G,
L,268,44,42,,41,K,
L,269,45,43,,42,A,
L,270,46,44,,43,P,
L,271,47,45,,44,K,
L,272,48,46,,45,L,
L,273,49,47,,46,M,
L,274,50,48,,47,I,
L,275,51,49,,48,Y,
L,276,52,50,,49,E,
L,277,53,51,,50,V,L2
L,278,54,52,,51,S,L2
L,279,55,53,,52,K,L2
L,280,56,54,,53,R,L2
L,281,57,55,,54,P,L2
L,282,58,56,,55,S,L2
L,283,59,57,,56,G,L2
L,284,60,58,,57,V,
L,285,61,59,,58,S,
L,286,62,60,,59,N,
L,287,63,61,,60,R,
L,288,64,62,,61,F,
L,289,65,63,,62,S,
L,290,66,64,,63,G,
L,291,67,65,,64,S,
L,292,68,66,,65,K,
L,293,69,67,,66,S,
L,294,70,68,,67,G,
L,295,71,69,,68,N,
L,296,72,70,,69,T,
L,297,73,71,,70,A,
L,298,74,72,,71,S,
L,299,75,73,,72,L,
L,300,76,74,,73,T,
L,301,77,75,,74,I,
L,302,78,76,,75,S,
L,303,79,77,,76,G,
L,304,80,78,,77,L,
L,305,81,79,,78,Q,
L,306,82,80,,79,A,
L,307,83,81,,80,E,
L,308,84,82,,81,D,
L,309,85,83,,82,E,
L,310,86,84,,83,V,
L,311,87,85,,84,D,
L,312,88,86,,85,Y,
L,313,89,87,,86,Y,
L,314,90,88,,87,C,
L,315,91,89,,88,C,
L,316,92,90,,89,S,L3
L,317,93,91,,90,Y,L3
L,318,94,92,,91,A,L3
L,319,95,93,,92,G,L3
L,320,96,94,,93,S,L3
L,321,97,95,,94,S,L3
L,322,98,95,A,95,T,L3
L,323,99,96,,95A,W,L3
L,324,100,97,,96,V,L3
L,325,101,98,,97,F,L3
L,326,102,99,,98,G,
L,327,103,100,,99,G,
L,328,104,101,,100,G,
L,329,105,102,,101,T,
L,330,106,103,,102,K,
L,331,107,104,,103,L,
L,332,108,105,,104,T,
L,333,109,106,,105,V,
L,334,110,106,A,106,L,
L,335,111,107,,107,G,
L,336,112,108,,,Q,
L,337,113,109,,,P,
L,338,114,110,,,K,
L,339,115,111,,,A,
L,340,116,112,,,A,
L,341,117,113,,,P,
L,342,118,114,,,S,
L,343,119,115,,,V,
L,344,120,116,,,T,
L,345,121,117,,,L,
L,346,122,118,,,F,
L,347,123,119,,,P,
L,348,124,120,,,P,
L,349,125,121,,,S,
L,350,126,122,,,S,
L,351,127,123,,,E,
L,352,128,124,,,E,
L,353,129,125,,,L,
L,354,130,126,,,Q,
L,355,131,127,,,A,
L,356,132,128,,,N,
L,357,133,129,,,K,
L,358,134,130,,,A,
L,359,135,131,,,T,
L,360,136,132,,,L,
L,361,137,133,,,V,
L,362,138,134,,,C,
L,363,139,135,,,L,
L,364,140,136,,,I,
L,365,141,137,,,S,
L,366,142,138,,,D,
L,367,143,139,,,F,
L,368,144,140,,,Y,
L,369,145,141,,,P,
L,370,146,142,,,G,
L,371,147,143,,,A,
L,372,148,144,,,V,
L,373,149,145,,,T,
L,374,150,146,,,V,
L,375,151,147,,,A,
L,376,152,148,,,W,
L,377,153,149,,,K,
L,378,154,150,,,A,
L,379,155,151,,,D,
L,380,156,152,,,S,
L,381,157,153,,,S,
L,382,158,154,,,P,
L,383,159,155,,,V,
L,384,160,156,,,K,
L,385,161,157,,,A,
L,386,162,158,,,G,
L,387,163,159,,,V,
L,388,164,160,,,E,
L,389,165,161,,,T,
L,390,166,162,,,T,
L,391,167,163,,,T,
L,392,168,164,,,P,
L,393,169,165,,,S,
L,394,170,166,,,K,
L,395,171,167,,,Q,
L,396,172,168,,,S,
L,397,173,169,,,N,
L,398,174,170,,,N,
L,399,175,171,,,K,
L,400,176,172,,,Y,
L,401,177,173,,,A,
L,402,178,174,,,A,
L,403,179,175,,,S,
L,404,180,176,,,S,
L,405,181,177,,,Y,
L,406,182,178,,,L,
L,407,183,179,,,S,
L,408,184,180,,,L,
L,409,185,181,,,T,
L,410,186,182,,,P,
L,411,187,183,,,E,
L,412,188,184,,,Q,
L,413,189,185,,,W,
L,414,190,186,,,K,
L,415,191,187,,,S,
L,416,192,188,,,H,
L,417,193,189,,,R,
L,418,194,190,,,S,
L,419,195,191,,,Y,
L,420,196,192,,,S,
L,421,197,193,,,C,
L,422,198,194,,,Q,
L,423,199,195,,,V,
L,424,200,196,,,T,
L,425,201,197,,,H,
L,426,202,198,,,E,
L,427,203,199,,,G,
L,428,204,200,,,S,
L,429,205,201,,,T,
L,430,206,202,,,V,
L,431,207,203,,,E,
L,432,208,204,,,K,
L,433,209,205,,,T,
L,434,210,206,,,V,
L,435,211,207,,,A,
L,436,212,208,,,P,
L,437,213,209,,,T,
L,438,214,210,,,E,
L,439,215,211,,,C,
